<?xml version="1.0" encoding="UTF-8"?>
<!DOCTYPE codetemplates PUBLIC "-//NetBeans//DTD Editor Code Templates settings 1.0//EN" "http://www.netbeans.org/dtds/EditorCodeTemplates-1_0.dtd">
<codetemplates>
    <codetemplate abbreviation="public" xml:space="preserve">
        <code><![CDATA[${TYPE default="public"} ${RETURN default="void"} ${NAME}(${ARGS default=""})
{
    ${cursor}
}]]></code>
    </codetemplate>
    <codetemplate abbreviation="jaxbu" xml:space="preserve">
        <code><![CDATA[
            try {
                javax.xml.bind.JAXBContext jaxbCtx = javax.xml.bind.JAXBContext.newInstance(${UM_OBJ instanceof="java.lang.Object" default="umObj"}.getClass().getPackage().getName());
                javax.xml.bind.Unmarshaller unmarshaller = jaxbCtx.createUnmarshaller();
                ${UM_OBJ} = ${TYPE_CAST cast default=""} unmarshaller.unmarshal(new java.io.File("File path")); //NOI18N
            } catch (javax.xml.bind.JAXBException ex) {
                // XXXTODO Handle exception
                java.util.logging.Logger.getLogger("global").log(java.util.logging.Level.SEVERE, null, ex); //NOI18N
            }
        ]]></code>
        <description><![CDATA[Sample template to unmarshal JAXB objects.]]></description>
    </codetemplate>
    <codetemplate abbreviation="for" contexts="BLOCK,CASE,LABELED_STATEMENT,DO_WHILE_LOOP,ENHANCED_FOR_LOOP,FOR_LOOP,IF,WHILE_LOOP" xml:space="preserve">
        <code><![CDATA[for (int ${INT default="i"} = 0; ${INT} < ${MAX}; ${INT}++)
{
    ${selection}${cursor}
}
]]></code>
    </codetemplate>
    <codetemplate abbreviation="try" xml:space="preserve">
        <code><![CDATA[try
{
    ${selection}${cursor}
} ${CATCH uncaughtExceptionCatchStatements default="catch (Exception e) {}" editable=false}
]]></code>
    </codetemplate>
    <codetemplate abbreviation="do" xml:space="preserve">
        <code><![CDATA[do
{ 
    ${selection}${cursor}
} while (${CONDITION instanceof="boolean"});
]]></code>
    </codetemplate>
    <codetemplate abbreviation="while" xml:space="preserve">
        <code><![CDATA[while (${CONDITION instanceof="boolean"})
{
    ${selection}${cursor}
}]]></code>
    </codetemplate>
    <codetemplate abbreviation="if" contexts="BLOCK,CASE,LABELED_STATEMENT,DO_WHILE_LOOP,ENHANCED_FOR_LOOP,FOR_LOOP,IF,WHILE_LOOP" xml:space="preserve">
        <code><![CDATA[if (${CONDITION instanceof="boolean"})
{
   ${selection}${cursor}
}
]]></code>
        <description><![CDATA[if (<b>exp</b>) { ...| }]]></description>
    </codetemplate>
    <codetemplate abbreviation="System" xml:space="preserve">
        <code><![CDATA[System.out.println("${cursor}");]]></code>
    </codetemplate>
    <codetemplate abbreviation="case" xml:space="preserve">
        <code><![CDATA[case ${VALUE}:
    ${cursor}
    break;
]]></code>
    </codetemplate>
    <codetemplate abbreviation="tryFach" xml:space="preserve">
        <code><![CDATA[try
{
    ${selection}${cursor}
} catch(Exception ex)
{
    Logger.log("", 2);
    Logger.error(ex);
    return null;
}]]></code>
    </codetemplate>
    <codetemplate abbreviation="jaxbm" xml:space="preserve">
        <code><![CDATA[try {            
                javax.xml.bind.JAXBContext jaxbCtx= javax.xml.bind.JAXBContext.newInstance( ${OBJ2M instanceof="java.lang.Object" default="obj2BMarshalled"}.getClass().getPackage().getName());
                javax.xml.bind.Marshaller marshaller = jaxbCtx.createMarshaller();
                marshaller.setProperty(javax.xml.bind.Marshaller.JAXB_ENCODING, "UTF-8"); //NOI18N
                marshaller.setProperty(javax.xml.bind.Marshaller.JAXB_FORMATTED_OUTPUT, Boolean.TRUE);
                marshaller.marshal(${OBJ2M} , System.out);
            } catch (javax.xml.bind.JAXBException ex) {
                // XXXTODO Handle exception
                java.util.logging.Logger.getLogger("global").log(java.util.logging.Level.SEVERE, null, ex); //NOI18N
        }]]></code>
        <description><![CDATA[Sample template to marshal JAXB objects.]]></description>
    </codetemplate>
    <codetemplate abbreviation="switch" xml:space="preserve">
        <code><![CDATA[switch (${VAR})
{
    case ${VALUE}:
        ${cursor}
        break;
    default:
        System.out.println("Unknown Case!");
        break;
}
]]></code>
    </codetemplate>
    <codetemplate abbreviation="Psfi" remove="true"/>
    <codetemplate abbreviation="iof" remove="true"/>
    <codetemplate abbreviation="pue" remove="true"/>
    <codetemplate abbreviation="pr" remove="true"/>
    <codetemplate abbreviation="tds" remove="true"/>
    <codetemplate abbreviation="ps" remove="true"/>
    <codetemplate abbreviation="pu" remove="true"/>
    <codetemplate abbreviation="Psfm" remove="true"/>
    <codetemplate abbreviation="Psfs" remove="true"/>
    <codetemplate abbreviation="Pf" remove="true"/>
    <codetemplate abbreviation="Pfm" remove="true"/>
    <codetemplate abbreviation="ic" remove="true"/>
    <codetemplate abbreviation="ie" remove="true"/>
    <codetemplate abbreviation="pvb" remove="true"/>
    <codetemplate abbreviation="Pm" remove="true"/>
    <codetemplate abbreviation="ab" remove="true"/>
    <codetemplate abbreviation="apo" remove="true"/>
    <codetemplate abbreviation="Ps" remove="true"/>
    <codetemplate abbreviation="im" remove="true"/>
    <codetemplate abbreviation="psfs" remove="true"/>
    <codetemplate abbreviation="in" remove="true"/>
    <codetemplate abbreviation="serr" remove="true"/>
    <codetemplate abbreviation="csort" remove="true"/>
    <codetemplate abbreviation="ir" remove="true"/>
    <codetemplate abbreviation="al" remove="true"/>
    <codetemplate abbreviation="pfc" remove="true"/>
    <codetemplate abbreviation="ifelse" remove="true"/>
    <codetemplate abbreviation="ap" remove="true"/>
    <codetemplate abbreviation="nbb" remove="true"/>
    <codetemplate abbreviation="psfi" remove="true"/>
    <codetemplate abbreviation="as" remove="true"/>
    <codetemplate abbreviation="re" remove="true"/>
    <codetemplate abbreviation="psfc" remove="true"/>
    <codetemplate abbreviation="pfm" remove="true"/>
    <codetemplate abbreviation="Psfb" remove="true"/>
    <codetemplate abbreviation="forst" remove="true"/>
    <codetemplate abbreviation="rn" remove="true"/>
    <codetemplate abbreviation="2do" remove="true"/>
    <codetemplate abbreviation="rp" remove="true"/>
    <codetemplate abbreviation="log" remove="true"/>
    <codetemplate abbreviation="trycatch" remove="true"/>
    <codetemplate abbreviation="iae" remove="true"/>
    <codetemplate abbreviation="bo" remove="true"/>
    <codetemplate abbreviation="sb" remove="true"/>
    <codetemplate abbreviation="br" remove="true"/>
    <codetemplate abbreviation="sc" remove="true"/>
    <codetemplate abbreviation="logrb" remove="true"/>
    <codetemplate abbreviation="soutv" remove="true"/>
    <codetemplate abbreviation="sh" remove="true"/>
    <codetemplate abbreviation="map" remove="true"/>
    <codetemplate abbreviation="ca" remove="true"/>
    <codetemplate abbreviation="st" remove="true"/>
    <codetemplate abbreviation="su" remove="true"/>
    <codetemplate abbreviation="stat" remove="true"/>
    <codetemplate abbreviation="set" remove="true"/>
    <codetemplate abbreviation="sw" remove="true"/>
    <codetemplate abbreviation="sy" remove="true"/>
    <codetemplate abbreviation="f" remove="true"/>
    <codetemplate abbreviation="prsfm" remove="true"/>
    <codetemplate abbreviation="cl" remove="true"/>
    <codetemplate abbreviation="cn" remove="true"/>
    <codetemplate abbreviation="whileit" remove="true"/>
    <codetemplate abbreviation="m" remove="true"/>
    <codetemplate abbreviation="n" remove="true"/>
    <codetemplate abbreviation="cs" remove="true"/>
    <codetemplate abbreviation="sfc" remove="true"/>
    <codetemplate abbreviation="th" remove="true"/>
    <codetemplate abbreviation="fcom" remove="true"/>
    <codetemplate abbreviation="2f" remove="true"/>
    <codetemplate abbreviation="runn" remove="true"/>
    <codetemplate abbreviation="inst" remove="true"/>
    <codetemplate abbreviation="le" remove="true"/>
    <codetemplate abbreviation="ise" remove="true"/>
    <codetemplate abbreviation="2l" remove="true"/>
    <codetemplate abbreviation="2fo" remove="true"/>
    <codetemplate abbreviation="prfm" remove="true"/>
    <codetemplate abbreviation="tr" remove="true"/>
    <codetemplate abbreviation="db" remove="true"/>
    <codetemplate abbreviation="ll" remove="true"/>
    <codetemplate abbreviation="St" remove="true"/>
    <codetemplate abbreviation="2s" remove="true"/>
    <codetemplate abbreviation="df" remove="true"/>
    <codetemplate abbreviation="tw" remove="true"/>
    <codetemplate abbreviation="forc" remove="true"/>
    <codetemplate abbreviation="fore" remove="true"/>
    <codetemplate abbreviation="dowhile" remove="true"/>
    <codetemplate abbreviation="loge" remove="true"/>
    <codetemplate abbreviation="logr" remove="true"/>
    <codetemplate abbreviation="whilexp" remove="true"/>
    <codetemplate abbreviation="logp" remove="true"/>
    <codetemplate abbreviation="par" remove="true"/>
    <codetemplate abbreviation="Psf" remove="true"/>
    <codetemplate abbreviation="Lka" remove="true"/>
    <codetemplate abbreviation="whilen" remove="true"/>
    <codetemplate abbreviation="prm" remove="true"/>
    <codetemplate abbreviation="eq" remove="true"/>
    <codetemplate abbreviation="logb" remove="true"/>
    <codetemplate abbreviation="spl" remove="true"/>
    <codetemplate abbreviation="Lkp" remove="true"/>
    <codetemplate abbreviation="Lkr" remove="true"/>
    <codetemplate abbreviation="ex" remove="true"/>
    <codetemplate abbreviation="na" remove="true"/>
    <codetemplate abbreviation="nb" remove="true"/>
    <codetemplate abbreviation="logbps" remove="true"/>
    <codetemplate abbreviation="logbp" remove="true"/>
    <codetemplate abbreviation="vo" remove="true"/>
    <codetemplate abbreviation="fa" remove="true"/>
    <codetemplate abbreviation="fc" remove="true"/>
    <codetemplate abbreviation="psf" remove="true"/>
    <codetemplate abbreviation="fi" remove="true"/>
    <codetemplate abbreviation="lka" remove="true"/>
    <codetemplate abbreviation="fl" remove="true"/>
    <codetemplate abbreviation="En" remove="true"/>
    <codetemplate abbreviation="psfb" remove="true"/>
    <codetemplate abbreviation="psm" remove="true"/>
    <codetemplate abbreviation="sout" remove="true"/>
    <codetemplate abbreviation="psvm" remove="true"/>
    <codetemplate abbreviation="pst" remove="true"/>
    <codetemplate abbreviation="lkp" remove="true"/>
    <codetemplate abbreviation="wh" remove="true"/>
    <codetemplate abbreviation="lko" remove="true"/>
    <codetemplate abbreviation="lkr" remove="true"/>
    <codetemplate abbreviation="fy" remove="true"/>
    <codetemplate abbreviation="Ex" remove="true"/>
    <codetemplate abbreviation="2al" remove="true"/>
    <codetemplate abbreviation="npe" remove="true"/>
    <codetemplate abbreviation="2ar" remove="true"/>
    <codetemplate abbreviation="iff" remove="true"/>
    <codetemplate abbreviation="ife" remove="true"/>
    <codetemplate abbreviation="fori" remove="true"/>
    <codetemplate abbreviation="bcom" remove="true"/>
    <codetemplate abbreviation="Ob" remove="true"/>
    <codetemplate abbreviation="forl" remove="true"/>
    <codetemplate abbreviation="asort" remove="true"/>
    <codetemplate abbreviation="form" remove="true"/>
    <codetemplate abbreviation="pe" remove="true"/>
    <codetemplate abbreviation="pf" remove="true"/>
    <codetemplate abbreviation="newo" remove="true"/>
    <codetemplate abbreviation="forv" remove="true"/>
    <codetemplate abbreviation="pm" remove="true"/>
    <codetemplate abbreviation="pn" remove="true"/>
</codetemplates>
