<?xml version="1.0" encoding="UTF-8"?>
<library xmlns="http://www.netbeans.org/ns/library-declaration/3" version="3.0">
    <name>Grum²Engine</name>
    <type>j2se</type>
    <display-name>Grum²Engine</display-name>
    <volume>
        <type>classpath</type>
        <resource>jar:file:/D:/Meine%20Dokumente/Programmierung/NetBeansProjects/Grum²Engine/dist/Grum_Engine.jar!/</resource>
        <resource>jar:file:/C:/Program%20Files/Java/lwjgl-2.9.1/jar/jinput.jar!/</resource>
        <resource>jar:file:/C:/Program%20Files/Java/lwjgl-2.9.1/jar/lwjgl.jar!/</resource>
        <resource>jar:file:/C:/Program%20Files/Java/lwjgl-2.9.1/jar/lwjgl_util.jar!/</resource>
    </volume>
    <volume>
        <type>src</type>
        <resource>file:/C:/Program%20Files/Java/lwjgl-2.9.1/native/</resource>
    </volume>
    <volume>
        <type>javadoc</type>
    </volume>
    <volume>
        <type>maven-pom</type>
    </volume>
    <properties/>
</library>
