<?xml version="1.0" encoding="UTF-8"?>
<library xmlns="http://www.netbeans.org/ns/library-declaration/3" version="3.0">
    <name>JLWGL_2.9.1</name>
    <type>j2se</type>
    <display-name>lwjgl-2.9.1</display-name>
    <volume>
        <type>classpath</type>
        <resource>jar:file:/C:/Program%20Files/Java/lwjgl-2.9.1/jar/jinput.jar!/</resource>
        <resource>jar:file:/C:/Program%20Files/Java/lwjgl-2.9.1/jar/lwjgl.jar!/</resource>
        <resource>jar:file:/C:/Program%20Files/Java/lwjgl-2.9.1/jar/lwjgl_util.jar!/</resource>
    </volume>
    <volume>
        <type>src</type>
        <resource>file:/C:/Program%20Files/Java/lwjgl-2.9.1/src/generated/</resource>
        <resource>file:/C:/Program%20Files/Java/lwjgl-2.9.1/src/java/</resource>
    </volume>
    <volume>
        <type>javadoc</type>
        <resource>jar:file:/C:/Program%20Files/Java/lwjgl-2.9.1/lwjgl-docs-2.9.1.zip!/javadoc/</resource>
    </volume>
    <volume>
        <type>maven-pom</type>
    </volume>
    <properties/>
</library>
