<?xml version="1.0" encoding="UTF-8"?>
<library xmlns="http://www.netbeans.org/ns/library-declaration/3" version="3.0">
    <name>JNA 4.1.0</name>
    <type>j2se</type>
    <display-name>JNA 4.1.0 + Platform</display-name>
    <volume>
        <type>classpath</type>
        <resource>jar:file:/C:/Program%20Files/Java/jna/jna-4.1.0.jar!/</resource>
        <resource>jar:file:/C:/Program%20Files/Java/jna/jna-platform-4.1.0.jar!/</resource>
    </volume>
    <volume>
        <type>src</type>
    </volume>
    <volume>
        <type>javadoc</type>
    </volume>
    <volume>
        <type>maven-pom</type>
    </volume>
    <properties/>
</library>
