<?xml version="1.0" encoding="UTF-8"?>
<library xmlns="http://www.netbeans.org/ns/library-declaration/3" version="3.0">
    <name>lwjgl-3</name>
    <type>j2se</type>
    <display-name>lwjgl-3</display-name>
    <volume>
        <type>classpath</type>
        <resource>jar:file:/C:/Program%20Files/Java/lwjgl-3/jar/lwjgl.jar!/</resource>
    </volume>
    <volume>
        <type>src</type>
        <resource>jar:file:/C:/Program%20Files/Java/lwjgl-3/src.zip!//</resource>
    </volume>
    <volume>
        <type>javadoc</type>
        <resource>jar:file:/C:/Program%20Files/Java/lwjgl-3/doc/javadoc.zip!//</resource>
    </volume>
    <volume>
        <type>maven-pom</type>
    </volume>
    <properties/>
</library>
