<?xml version="1.0" encoding="UTF-8"?>
<library xmlns="http://www.netbeans.org/ns/library-declaration/3" version="3.0">
    <name>slick-util</name>
    <type>j2se</type>
    <display-name>slick-util</display-name>
    <volume>
        <type>classpath</type>
        <resource>jar:file:/C:/Program%20Files/Java/slick-util/lib/lwjgl.jar!/</resource>
        <resource>jar:file:/C:/Program%20Files/Java/slick-util/lib/slick-util.jar!/</resource>
    </volume>
    <volume>
        <type>src</type>
    </volume>
    <volume>
        <type>javadoc</type>
        <resource>http://slick.ninjacave.com/javadoc-util/</resource>
    </volume>
    <volume>
        <type>maven-pom</type>
    </volume>
    <properties/>
</library>
