<?xml version="1.0" encoding="UTF-8"?>
<library xmlns="http://www.netbeans.org/ns/library-declaration/3" version="3.0">
    <name>SUM</name>
    <type>j2se</type>
    <display-name>SUM</display-name>
    <volume>
        <type>classpath</type>
        <resource>jar:file:/C:/Program%20Files/Java/SuMWin%207.3.1/Bibs/in%20userlib/QTJava.zip!/</resource>
        <resource>jar:file:/C:/Program%20Files/Java/SuMWin%207.3.1/Bibs/in%20userlib/SuMEreignis.jar!/</resource>
        <resource>jar:file:/C:/Program%20Files/Java/SuMWin%207.3.1/Bibs/in%20userlib/SuMKern.jar!/</resource>
        <resource>jar:file:/C:/Program%20Files/Java/SuMWin%207.3.1/Bibs/in%20userlib/SuMKomponenten.jar!/</resource>
        <resource>jar:file:/C:/Program%20Files/Java/SuMWin%207.3.1/Bibs/in%20userlib/SuMMultimedia.jar!/</resource>
        <resource>jar:file:/C:/Program%20Files/Java/SuMWin%207.3.1/Bibs/in%20userlib/SuMNetz.jar!/</resource>
        <resource>jar:file:/C:/Program%20Files/Java/SuMWin%207.3.1/Bibs/in%20userlib/SuMSQL.jar!/</resource>
        <resource>jar:file:/C:/Program%20Files/Java/SuMWin%207.3.1/Bibs/in%20userlib/SuMStrukturen.jar!/</resource>
        <resource>jar:file:/C:/Program%20Files/Java/SuMWin%207.3.1/Bibs/in%20userlib/SuMWerkzeuge.jar!/</resource>
        <resource>jar:file:/C:/Program%20Files/Java/SuMWin%207.3.1/Bibs/in%20userlib/mysql-connector-java-5.1.15-bin.jar!/</resource>
        <resource>jar:file:/C:/Program%20Files/Java/SuMWin%207.3.1/Bibs/in%20userlib/xpp3_min-1.1.3.4.I.jar!/</resource>
        <resource>jar:file:/C:/Program%20Files/Java/SuMWin%207.3.1/Bibs/in%20userlib/xstream-1.1.2.jar!/</resource>
    </volume>
    <volume>
        <type>src</type>
    </volume>
    <volume>
        <type>javadoc</type>
    </volume>
    <volume>
        <type>maven-pom</type>
    </volume>
    <properties/>
</library>
